{
  "metadata": {
    "generated": "2025-12-09T18:35:10.949607",
    "snapshot_folder": "data/snapshots/robot_snapshots_20251209_183404",
    "grab_points_count": 9
  },
  "grab_point_assignments": {
    "A": {
      "class_name": "Bolt",
      "confidence": 0.904,
      "distance": 24.9899979991996,
      "tool_center": [
        98.5,
        268.5
      ],
      "grab_point": [
        75,
        260
      ]
    },
    "B": {
      "class_name": "Hammer",
      "confidence": 0.9390000000000001,
      "distance": 40.549352645880795,
      "tool_center": [
        245.0,
        239.5
      ],
      "grab_point": [
        243,
        280
      ]
    },
    "C": {
      "class_name": "Bolt",
      "confidence": 0.9009999999999999,
      "distance": 56.349356695529366,
      "tool_center": [
        359.5,
        180.0
      ],
      "grab_point": [
        410,
        155
      ]
    },
    "D": {
      "class_name": "Wrench",
      "confidence": 0.919,
      "distance": 171.0263137648707,
      "tool_center": [
        543.0,
        261.0
      ],
      "grab_point": [
        480,
        420
      ]
    },
    "F": {
      "class_name": "Bolt",
      "confidence": 0.675,
      "distance": 28.00446392988089,
      "tool_center": [
        300.5,
        183.0
      ],
      "grab_point": [
        300,
        155
      ]
    },
    "E": {
      "class_name": "Wrench",
      "confidence": 0.9470000000000001,
      "distance": 44.637428241331286,
      "tool_center": [
        226.5,
        269.5
      ],
      "grab_point": [
        260,
        240
      ]
    },
    "G": {
      "class_name": "Plier",
      "confidence": 0.968,
      "distance": 141.11785854384271,
      "tool_center": [
        454.5,
        282.0
      ],
      "grab_point": [
        425,
        420
      ]
    },
    "I": {
      "class_name": "Screwdriver",
      "confidence": 0.775,
      "distance": 73.04279567486448,
      "tool_center": [
        397.0,
        142.5
      ],
      "grab_point": [
        470,
        140
      ]
    },
    "H": {
      "class_name": "Measuring Tape",
      "confidence": 0.892,
      "distance": 101.9803902718557,
      "tool_center": [
        228.0,
        376.0
      ],
      "grab_point": [
        160,
        300
      ]
    }
  },
  "tool_mapping": {
    "Bolt": {
      "grab_point": "A",
      "distance": 24.9899979991996,
      "confidence": 0.904,
      "position": "initial_position"
    },
    "Hammer": {
      "grab_point": "B",
      "distance": 40.549352645880795,
      "confidence": 0.9390000000000001,
      "position": "initial_position"
    },
    "Wrench": {
      "grab_point": "E",
      "distance": 44.637428241331286,
      "confidence": 0.9470000000000001,
      "position": "second_position"
    },
    "Plier": {
      "grab_point": "G",
      "distance": 141.11785854384271,
      "confidence": 0.968,
      "position": "second_position"
    },
    "Screwdriver": {
      "grab_point": "I",
      "distance": 73.04279567486448,
      "confidence": 0.775,
      "position": "third_position"
    },
    "Measuring Tape": {
      "grab_point": "H",
      "distance": 101.9803902718557,
      "confidence": 0.892,
      "position": "third_position"
    }
  }
}