{
  "metadata": {
    "generated": "2025-12-09T17:10:02.843535",
    "snapshot_folder": "data/snapshots/robot_snapshots_20251209_170921",
    "grab_points_count": 9
  },
  "grab_point_assignments": {
    "A": {
      "class_name": "Screwdriver",
      "confidence": 0.9359999999999999,
      "distance": 186.06719216455113,
      "tool_center": [
        261.0,
        265.0
      ],
      "grab_point": [
        75,
        260
      ]
    },
    "B": {
      "class_name": "Screwdriver",
      "confidence": 0.9359999999999999,
      "distance": 23.430749027719962,
      "tool_center": [
        261.0,
        265.0
      ],
      "grab_point": [
        243,
        280
      ]
    },
    "C": {
      "class_name": "Bolt",
      "confidence": 0.94,
      "distance": 58.52349955359813,
      "tool_center": [
        355.0,
        175.0
      ],
      "grab_point": [
        410,
        155
      ]
    },
    "D": {
      "class_name": "Wrench",
      "confidence": 0.945,
      "distance": 159.05737958359555,
      "tool_center": [
        505.5,
        263.0
      ],
      "grab_point": [
        480,
        420
      ]
    },
    "E": {
      "class_name": "Hammer",
      "confidence": 0.897,
      "distance": 149.43644133878456,
      "tool_center": [
        190.5,
        239.0
      ],
      "grab_point": [
        240,
        380
      ]
    },
    "F": {
      "class_name": "Hammer",
      "confidence": 0.897,
      "distance": 138.00815193313764,
      "tool_center": [
        190.5,
        239.0
      ],
      "grab_point": [
        300,
        155
      ]
    },
    "G": {
      "class_name": "Plier",
      "confidence": 0.965,
      "distance": 135.85378169193524,
      "tool_center": [
        455.0,
        287.5
      ],
      "grab_point": [
        425,
        420
      ]
    },
    "H": {
      "class_name": "Bolt",
      "confidence": 0.361,
      "distance": 87.65414993027997,
      "tool_center": [
        199.0,
        378.5
      ],
      "grab_point": [
        160,
        300
      ]
    },
    "I": {
      "class_name": "none",
      "confidence": 0.0,
      "distance": Infinity,
      "tool_center": null,
      "grab_point": [
        470,
        140
      ]
    }
  },
  "tool_mapping": {
    "Screwdriver": {
      "grab_point": "B",
      "distance": 23.430749027719962,
      "confidence": 0.9359999999999999,
      "position": "initial_position"
    },
    "Bolt": {
      "grab_point": "C",
      "distance": 58.52349955359813,
      "confidence": 0.94,
      "position": "initial_position"
    },
    "Wrench": {
      "grab_point": "D",
      "distance": 159.05737958359555,
      "confidence": 0.945,
      "position": "initial_position"
    },
    "Hammer": {
      "grab_point": "F",
      "distance": 138.00815193313764,
      "confidence": 0.897,
      "position": "second_position"
    },
    "Plier": {
      "grab_point": "G",
      "distance": 135.85378169193524,
      "confidence": 0.965,
      "position": "second_position"
    }
  }
}