{
  "metadata": {
    "generated": "2025-12-08T14:09:33.400271",
    "snapshot_folder": "data/snapshots/robot_snapshots_20251208_135646",
    "grab_points_count": 9
  },
  "grab_point_assignments": {
    "A": {
      "class_name": "Bolt",
      "confidence": 0.9620000000000001,
      "distance": 29.09467305195231,
      "tool_center": [
        84.5,
        232.5
      ],
      "grab_point": [
        75,
        260
      ]
    },
    "B": {
      "class_name": "Wrench",
      "confidence": 0.755,
      "distance": 26.85609800399157,
      "tool_center": [
        256.0,
        256.5
      ],
      "grab_point": [
        243,
        280
      ]
    },
    "C": {
      "class_name": "Bolt",
      "confidence": 0.938,
      "distance": 13.009611831257688,
      "tool_center": [
        409.5,
        142.0
      ],
      "grab_point": [
        410,
        155
      ]
    },
    "D": {
      "class_name": "Wrench",
      "confidence": 0.912,
      "distance": 153.587922702275,
      "tool_center": [
        524.5,
        273.0
      ],
      "grab_point": [
        480,
        420
      ]
    },
    "E": {
      "class_name": "Hammer",
      "confidence": 0.895,
      "distance": 156.98487188261166,
      "tool_center": [
        168.0,
        240.5
      ],
      "grab_point": [
        240,
        380
      ]
    },
    "F": {
      "class_name": "Bolt",
      "confidence": 0.888,
      "distance": 12.419742348374221,
      "tool_center": [
        292.0,
        145.5
      ],
      "grab_point": [
        300,
        155
      ]
    },
    "G": {
      "class_name": "Plier",
      "confidence": 0.941,
      "distance": 139.53225433569114,
      "tool_center": [
        422.0,
        280.5
      ],
      "grab_point": [
        425,
        420
      ]
    },
    "H": {
      "class_name": "Measuring Tape",
      "confidence": 0.818,
      "distance": 50.48762224545735,
      "tool_center": [
        210.0,
        293.0
      ],
      "grab_point": [
        160,
        300
      ]
    },
    "I": {
      "class_name": "Screwdriver",
      "confidence": 0.768,
      "distance": 79.15964881175258,
      "tool_center": [
        392.0,
        126.5
      ],
      "grab_point": [
        470,
        140
      ]
    }
  },
  "tool_mapping": {
    "Bolt": {
      "grab_point": "A",
      "distance": 29.09467305195231,
      "confidence": 0.9620000000000001,
      "position": "initial_position"
    },
    "Wrench": {
      "grab_point": "D",
      "distance": 153.587922702275,
      "confidence": 0.912,
      "position": "initial_position"
    },
    "Hammer": {
      "grab_point": "E",
      "distance": 156.98487188261166,
      "confidence": 0.895,
      "position": "second_position"
    },
    "Plier": {
      "grab_point": "G",
      "distance": 139.53225433569114,
      "confidence": 0.941,
      "position": "second_position"
    },
    "Measuring Tape": {
      "grab_point": "H",
      "distance": 50.48762224545735,
      "confidence": 0.818,
      "position": "third_position"
    },
    "Screwdriver": {
      "grab_point": "I",
      "distance": 79.15964881175258,
      "confidence": 0.768,
      "position": "third_position"
    }
  }
}