{
  "metadata": {
    "generated": "2025-12-10T16:54:35.224350",
    "snapshot_folder": "data/snapshots/robot_snapshots_20251210_165120",
    "grab_points_count": 9
  },
  "grab_point_assignments": {
    "A": {
      "class_name": "Bolt",
      "confidence": 0.9079999999999999,
      "distance": 26.504716561397142,
      "tool_center": [
        96.5,
        275.5
      ],
      "grab_point": [
        75,
        260
      ]
    },
    "D": {
      "class_name": "Wrench",
      "confidence": 0.9329999999999999,
      "distance": 35.71064267133819,
      "tool_center": [
        525.0,
        274.5
      ],
      "grab_point": [
        500,
        300
      ]
    },
    "C": {
      "class_name": "Bolt",
      "confidence": 0.893,
      "distance": 58.38021925275718,
      "tool_center": [
        354.0,
        171.5
      ],
      "grab_point": [
        410,
        155
      ]
    },
    "B": {
      "class_name": "none",
      "confidence": 0.0,
      "distance": Infinity,
      "tool_center": null,
      "grab_point": [
        243,
        280
      ]
    },
    "F": {
      "class_name": "Bolt",
      "confidence": 0.899,
      "distance": 28.74456470360962,
      "tool_center": [
        322.0,
        136.5
      ],
      "grab_point": [
        300,
        155
      ]
    },
    "E": {
      "class_name": "Hammer",
      "confidence": 0.9229999999999999,
      "distance": 74.52684080249209,
      "tool_center": [
        185.5,
        238.0
      ],
      "grab_point": [
        260,
        240
      ]
    },
    "G": {
      "class_name": "Plier",
      "confidence": 0.9740000000000001,
      "distance": 151.52640034000675,
      "tool_center": [
        457.5,
        272.0
      ],
      "grab_point": [
        425,
        420
      ]
    },
    "H": {
      "class_name": "Measuring Tape",
      "confidence": 0.7829999999999999,
      "distance": 101.54432529688698,
      "tool_center": [
        234.5,
        369.0
      ],
      "grab_point": [
        160,
        300
      ]
    },
    "I": {
      "class_name": "none",
      "confidence": 0.0,
      "distance": Infinity,
      "tool_center": null,
      "grab_point": [
        470,
        140
      ]
    }
  },
  "tool_mapping": {
    "Bolt": {
      "all_locations": [
        {
          "grab_point": "A",
          "distance": 26.504716561397142,
          "confidence": 0.9079999999999999,
          "position": "initial_position"
        },
        {
          "grab_point": "F",
          "distance": 28.74456470360962,
          "confidence": 0.899,
          "position": "second_position"
        },
        {
          "grab_point": "C",
          "distance": 58.38021925275718,
          "confidence": 0.893,
          "position": "initial_position"
        }
      ],
      "best_location": {
        "grab_point": "A",
        "distance": 26.504716561397142,
        "confidence": 0.9079999999999999,
        "position": "initial_position"
      },
      "total_count": 3
    },
    "Wrench": {
      "all_locations": [
        {
          "grab_point": "D",
          "distance": 35.71064267133819,
          "confidence": 0.9329999999999999,
          "position": "initial_position"
        }
      ],
      "best_location": {
        "grab_point": "D",
        "distance": 35.71064267133819,
        "confidence": 0.9329999999999999,
        "position": "initial_position"
      },
      "total_count": 1
    },
    "Hammer": {
      "all_locations": [
        {
          "grab_point": "E",
          "distance": 74.52684080249209,
          "confidence": 0.9229999999999999,
          "position": "second_position"
        }
      ],
      "best_location": {
        "grab_point": "E",
        "distance": 74.52684080249209,
        "confidence": 0.9229999999999999,
        "position": "second_position"
      },
      "total_count": 1
    },
    "Plier": {
      "all_locations": [
        {
          "grab_point": "G",
          "distance": 151.52640034000675,
          "confidence": 0.9740000000000001,
          "position": "second_position"
        }
      ],
      "best_location": {
        "grab_point": "G",
        "distance": 151.52640034000675,
        "confidence": 0.9740000000000001,
        "position": "second_position"
      },
      "total_count": 1
    },
    "Measuring Tape": {
      "all_locations": [
        {
          "grab_point": "H",
          "distance": 101.54432529688698,
          "confidence": 0.7829999999999999,
          "position": "third_position"
        }
      ],
      "best_location": {
        "grab_point": "H",
        "distance": 101.54432529688698,
        "confidence": 0.7829999999999999,
        "position": "third_position"
      },
      "total_count": 1
    }
  }
}