{
  "metadata": {
    "generated": "2025-12-09T19:11:51.860821",
    "snapshot_folder": "data/snapshots/robot_snapshots_20251209_191105",
    "grab_points_count": 9
  },
  "grab_point_assignments": {
    "A": {
      "class_name": "Bolt",
      "confidence": 0.937,
      "distance": 19.6468827043885,
      "tool_center": [
        94.0,
        265.0
      ],
      "grab_point": [
        75,
        260
      ]
    },
    "B": {
      "class_name": "Hammer",
      "confidence": 0.9329999999999999,
      "distance": 42.32316150761897,
      "tool_center": [
        232.5,
        239.0
      ],
      "grab_point": [
        243,
        280
      ]
    },
    "C": {
      "class_name": "Bolt",
      "confidence": 0.9390000000000001,
      "distance": 52.04325124355702,
      "tool_center": [
        358.5,
        162.5
      ],
      "grab_point": [
        410,
        155
      ]
    },
    "D": {
      "class_name": "none",
      "confidence": 0.0,
      "distance": Infinity,
      "tool_center": null,
      "grab_point": [
        480,
        420
      ]
    },
    "F": {
      "class_name": "Bolt",
      "confidence": 0.919,
      "distance": 28.040149785619906,
      "tool_center": [
        324.0,
        140.5
      ],
      "grab_point": [
        300,
        155
      ]
    },
    "E": {
      "class_name": "Wrench",
      "confidence": 0.9129999999999999,
      "distance": 98.64709828474429,
      "tool_center": [
        189.5,
        309.0
      ],
      "grab_point": [
        260,
        240
      ]
    },
    "G": {
      "class_name": "Plier",
      "confidence": 0.9670000000000001,
      "distance": 141.4390328021229,
      "tool_center": [
        456.0,
        282.0
      ],
      "grab_point": [
        425,
        420
      ]
    },
    "I": {
      "class_name": "Screwdriver",
      "confidence": 0.799,
      "distance": 69.0887110894392,
      "tool_center": [
        401.0,
        143.5
      ],
      "grab_point": [
        470,
        140
      ]
    },
    "H": {
      "class_name": "Measuring Tape",
      "confidence": 0.914,
      "distance": 104.7377677822093,
      "tool_center": [
        231.0,
        377.0
      ],
      "grab_point": [
        160,
        300
      ]
    }
  },
  "tool_mapping": {
    "Bolt": {
      "grab_point": "C",
      "distance": 52.04325124355702,
      "confidence": 0.9390000000000001,
      "position": "initial_position"
    },
    "Hammer": {
      "grab_point": "B",
      "distance": 42.32316150761897,
      "confidence": 0.9329999999999999,
      "position": "initial_position"
    },
    "Wrench": {
      "grab_point": "E",
      "distance": 98.64709828474429,
      "confidence": 0.9129999999999999,
      "position": "second_position"
    },
    "Plier": {
      "grab_point": "G",
      "distance": 141.4390328021229,
      "confidence": 0.9670000000000001,
      "position": "second_position"
    },
    "Screwdriver": {
      "grab_point": "I",
      "distance": 69.0887110894392,
      "confidence": 0.799,
      "position": "third_position"
    },
    "Measuring Tape": {
      "grab_point": "H",
      "distance": 104.7377677822093,
      "confidence": 0.914,
      "position": "third_position"
    }
  }
}